<?xml version="1.0" encoding="UTF-8"?>
<!--
  Licensed to the Apache Software Foundation (ASF) under one or more
  contributor license agreements.  See the NOTICE file distributed with
  this work for additional information regarding copyright ownership.
  The ASF licenses this file to You under the Apache License, Version 2.0
  (the "License"); you may not use this file except in compliance with
  the License.  You may obtain a copy of the License at

  http://www.apache.org/licenses/LICENSE-2.0

  Unless required by applicable law or agreed to in writing, software
  distributed under the License is distributed on an "AS IS" BASIS,
  WITHOUT WARRANTIES OR CONDITIONS OF ANY KIND, either express or implied.
  See the License for the specific language governing permissions and
  limitations under the License.
-->
<restrict>

  <!-- Enforce that an Origin/Referer header is present to prevent CSRF -->
  <cors>
    <strict-checking/>
  </cors>

  <!-- By default don't allow write or exec operations -->
  <commands>
    <command>read</command>
    <command>list</command>
    <command>version</command>
    <command>search</command>
  </commands>

  <allow>
    <!-- Allow all operations for the broker itself -->
    <mbean>
      <name>org.apache.activemq:*</name>
      <attribute>*</attribute>
      <operation>*</operation>
    </mbean>
    <!-- Allow all operations for Jolokia Config -->
    <mbean>
      <name>jolokia:type=Config</name>
      <operation>*</operation>
    </mbean>
  </allow>

  <!-- deny all operations or getting attributes from these mbeans -->
  <deny>
    <mbean>
      <name>org.apache.logging.log4j2:*</name>
      <attribute>*</attribute>
      <operation>*</operation>
    </mbean>
    <mbean>
      <name>com.sun.management:type=DiagnosticCommand</name>
      <attribute>*</attribute>
      <operation>*</operation>
    </mbean>
    <mbean>
      <name>com.sun.management:type=HotSpotDiagnostic</name>
      <attribute>*</attribute>
      <operation>*</operation>
    </mbean>
    <mbean>
      <name>jdk.management.jfr:type=FlightRecorder</name>
      <attribute>*</attribute>
      <operation>*</operation>
    </mbean>
  </deny>

</restrict>
